"id","paper_id","tag_id","created_at"
14,https://blog.csdn.net/keeppractice/article/details/148949577,3,"2025-11-07 17:58:24"
15,https://blog.csdn.net/keeppractice/article/details/148949577,4,"2025-11-07 17:58:26"
16,https://zhuanlan.zhihu.com/p/1896638376834208782,3,"2025-11-07 18:03:59"
19,https://mp.weixin.qq.com/s/skajIQO1OFyQy99sRnbj5A?scene=1&click_id=6,9,"2025-11-10 13:44:49"
21,https://arxiv.org/abs/2205.12035,12,"2025-11-12 11:36:12"
22,https://zhuanlan.zhihu.com/p/659682364,13,"2025-11-13 09:38:47"
23,https://zhuanlan.zhihu.com/p/369075953,14,"2025-11-13 09:42:46"
24,https://blog.csdn.net/keeppractice/article/details/149881818,15,"2025-11-13 09:47:07"
25,https://zhuanlan.zhihu.com/p/19932985494,17,"2025-11-13 09:51:50"
